order_item_id,order_id,product_id,quantity
1,1,5,2
2,1,46,5
3,2,2,5
4,3,49,1
5,3,45,1
6,3,11,2
7,3,45,2
8,4,35,2
9,5,35,5
10,5,18,2
11,5,20,1
12,5,7,3
13,6,18,2
14,6,18,3
15,6,15,3
16,6,1,1
17,7,14,2
18,7,21,3
19,7,43,3
20,8,31,4
21,8,40,3
22,8,30,2
23,8,28,4
24,9,25,1
25,9,50,4
26,9,12,5
27,9,11,4
28,10,45,3
29,10,14,3
30,11,26,5
31,12,8,4
32,12,48,4
33,12,27,2
34,12,27,4
35,13,41,5
36,13,2,5
37,14,33,2
38,14,25,4
39,14,30,2
40,14,16,4
41,14,32,4
42,15,34,1
43,15,2,4
44,16,11,1
45,16,49,4
46,17,47,5
47,17,46,4
48,17,15,4
49,18,7,2
50,18,11,1
51,18,33,5
52,18,33,5
53,19,45,1
54,19,5,3
55,19,30,3
56,19,15,1
57,19,34,1
58,20,2,2
59,20,18,3
60,20,26,4
61,20,15,4
62,20,7,3
63,21,50,4
64,21,8,4
65,21,27,1
66,22,20,5
67,22,33,3
68,23,46,4
69,23,39,1
70,23,22,5
71,23,4,4
72,24,21,3
73,24,26,5
74,24,14,2
75,24,2,1
76,25,25,3
77,25,31,4
78,26,22,2
79,26,46,2
80,26,26,4
81,27,9,3
82,27,24,5
83,27,37,4
84,27,38,2
85,27,17,2
86,28,36,3
87,28,15,3
88,28,46,5
89,29,36,3
90,29,14,1
91,29,22,4
92,30,48,5
93,30,23,2
94,30,30,5
95,31,33,4
96,31,38,2
97,31,17,4
98,31,19,5
99,31,43,4
100,32,9,2
101,32,35,3
102,33,42,2
103,33,21,5
104,33,23,3
105,34,45,1
106,34,14,3
107,35,39,2
108,35,30,1
109,35,40,2
110,35,44,1
111,36,27,4
112,36,4,2
113,36,49,5
114,36,18,5
115,36,4,2
116,37,34,2
117,38,7,4
118,38,18,1
119,38,28,3
120,38,2,1
121,38,33,5
122,39,43,1
123,39,43,1
124,39,16,5
125,39,15,4
126,40,2,4
127,40,10,5
128,40,27,3
129,40,31,4
130,40,23,5
131,41,27,5
132,41,38,4
133,41,26,1
134,41,4,5
135,42,9,2
136,42,26,3
137,42,50,1
138,43,7,1
139,43,2,3
140,43,38,4
141,43,6,1
142,44,40,5
143,44,36,3
144,45,18,5
145,46,7,2
146,46,22,1
147,46,30,2
148,46,30,1
149,47,32,4
150,47,32,1
151,47,23,4
152,47,3,2
153,48,30,2
154,49,12,5
155,49,5,5
156,49,15,3
157,49,4,2
158,49,10,4
159,50,25,4
160,50,11,3
161,50,26,4
162,50,33,3
163,50,34,4
164,51,49,1
165,51,16,5
166,51,2,4
167,51,5,2
168,51,46,4
169,52,6,3
170,52,50,4
171,52,7,4
172,53,20,2
173,53,18,4
174,54,13,4
175,54,36,1
176,54,23,1
177,54,43,3
178,55,23,3
179,56,48,1
180,56,43,3
181,56,33,2
182,56,32,3
183,56,14,3
184,57,23,4
185,57,39,2
186,57,10,1
187,57,41,1
188,58,4,5
189,58,12,1
190,58,19,3
191,59,5,3
192,59,27,2
193,59,10,4
194,60,41,3
195,60,1,2
196,60,33,5
197,61,7,2
198,61,19,5
199,61,42,5
200,61,27,4
201,62,6,3
202,63,17,5
203,63,2,2
204,63,39,1
205,64,15,1
206,64,14,3
207,65,36,4
208,65,49,5
209,66,16,3
210,66,48,1
211,66,11,2
212,66,4,5
213,66,37,4
214,67,12,3
215,68,27,2
216,68,39,3
217,68,25,1
218,68,32,1
219,68,7,3
220,69,15,3
221,69,15,2
222,69,44,5
223,69,28,2
224,70,4,4
225,70,15,1
226,71,14,4
227,71,16,1
228,71,41,2
229,71,1,3
230,71,26,5
231,72,48,4
232,72,44,3
233,73,30,1
234,74,25,4
235,74,6,2
236,74,34,4
237,74,23,2
238,75,14,1
239,75,10,1
240,76,47,1
241,76,7,5
242,77,21,2
243,77,22,3
244,77,32,5
245,77,2,5
246,78,2,3
247,78,34,1
248,79,5,2
249,80,42,1
250,80,2,2
251,80,36,2
252,80,11,2
253,80,24,5
254,81,5,3
255,82,35,2
256,82,25,5
257,82,40,2
258,82,40,2
259,82,30,3
260,83,24,1
261,83,40,4
262,84,9,2
263,84,29,3
264,84,21,2
265,84,4,5
266,84,11,3
267,85,34,2
268,86,12,1
269,86,17,1
270,86,50,3
271,87,27,3
272,87,39,3
273,88,13,5
274,88,22,1
275,88,9,4
276,89,40,2
277,89,44,4
278,89,46,2
279,90,7,5
280,90,42,5
281,90,5,2
282,91,30,2
283,91,39,3
284,91,21,3
285,92,32,4
286,92,5,2
287,92,25,5
288,93,49,3
289,93,20,1
290,93,12,1
291,94,27,1
292,94,11,3
293,94,5,4
294,94,5,2
295,95,12,1
296,95,48,4
297,95,32,1
298,96,43,5
299,96,6,3
300,96,4,5
301,97,37,4
302,98,47,2
303,99,25,4
304,99,33,2
305,99,13,3
306,99,12,3
307,100,38,3
308,100,20,1
309,101,41,5
310,101,23,2
311,101,27,1
312,102,37,1
313,102,16,1
314,103,19,4
315,103,14,3
316,103,49,1
317,103,40,2
318,104,1,1
319,104,48,3
320,104,48,4
321,105,37,1
322,105,37,2
323,105,16,4
324,105,21,1
325,105,15,4
326,106,48,5
327,106,36,1
328,106,18,3
329,106,27,4
330,107,42,1
331,107,31,4
332,107,22,3
333,108,50,1
334,109,30,2
335,110,14,1
336,111,43,2
337,111,3,2
338,112,35,2
339,112,9,5
340,112,5,3
341,113,6,5
342,114,10,3
343,114,4,3
344,114,8,3
345,114,4,5
346,115,2,1
347,115,15,4
348,115,10,5
349,116,4,1
350,116,49,3
351,117,42,1
352,117,40,5
353,117,39,5
354,118,7,1
355,118,31,1
356,119,30,2
357,119,27,5
358,120,22,3
359,120,3,4
360,120,25,4
361,121,18,5
362,122,36,1
363,123,24,2
364,123,36,5
365,123,34,5
366,123,7,3
367,123,23,1
368,124,27,3
369,125,8,1
370,126,3,2
371,127,20,1
372,128,12,5
373,128,50,4
374,129,35,5
375,129,8,4
376,129,1,1
377,130,48,1
378,131,7,4
379,131,3,2
380,131,22,3
381,132,34,1
382,133,12,2
383,134,36,5
384,134,15,4
385,134,5,5
386,134,46,1
387,134,48,5
388,135,30,4
389,136,12,2
390,136,19,1
391,136,44,4
392,136,15,2
393,137,28,5
394,137,27,1
395,138,46,5
396,138,20,3
397,138,31,4
398,139,11,1
399,139,10,3
400,140,17,5
401,141,36,4
402,141,43,5
403,141,12,3
404,141,26,4
405,142,8,5
406,142,41,3
407,143,27,4
408,143,13,4
409,143,43,4
410,144,32,3
411,144,16,5
412,145,47,4
413,145,9,5
414,145,28,3
415,146,10,1
416,146,40,5
417,146,13,5
418,147,23,1
419,147,8,5
420,147,14,4
421,147,47,3
422,147,35,5
423,148,14,1
424,148,23,5
425,148,22,3
426,149,1,2
427,149,30,5
428,150,45,2
429,150,45,3
430,150,31,3
431,150,45,3
432,150,45,2
433,151,13,3
434,151,34,4
435,151,20,5
436,151,46,1
437,152,32,2
438,152,17,5
439,152,13,3
440,153,28,1
441,153,12,2
442,153,4,2
443,154,27,5
444,154,5,5
445,155,28,3
446,155,18,3
447,155,7,1
448,156,3,1
449,156,47,5
450,156,21,3
451,156,6,3
452,157,12,5
453,158,44,2
454,158,47,1
455,159,21,3
456,159,32,3
457,160,35,1
458,161,4,5
459,161,2,4
460,162,14,3
461,162,26,3
462,162,50,1
463,163,14,2
464,163,34,2
465,163,21,5
466,163,41,4
467,163,1,4
468,164,26,4
469,165,38,5
470,166,41,4
471,166,49,5
472,167,6,5
473,167,16,2
474,167,37,5
475,168,38,3
476,168,30,4
477,168,4,1
478,169,28,2
479,169,18,2
480,169,47,4
481,170,1,2
482,171,2,5
483,171,7,2
484,171,24,3
485,171,17,4
486,171,38,4
487,172,44,4
488,172,30,2
489,172,24,2
490,172,36,5
491,172,32,1
492,173,37,5
493,173,38,2
494,174,23,1
495,175,16,4
496,175,24,2
497,175,32,2
498,176,25,1
499,176,15,4
500,176,13,4
501,176,18,4
502,176,48,2
503,177,2,4
504,177,9,5
505,177,21,1
506,178,36,3
507,178,2,2
508,178,21,3
509,178,40,3
510,179,34,1
511,179,4,3
512,179,36,2
513,179,35,5
514,180,29,5
515,180,46,1
516,180,39,4
517,180,22,2
518,181,15,1
519,181,6,2
520,182,20,3
521,182,46,4
522,182,10,5
523,182,28,4
524,182,48,2
525,183,20,2
526,184,46,3
527,184,7,1
528,185,50,4
529,185,48,3
530,185,8,1
531,185,25,5
532,186,26,1
533,186,48,1
534,186,45,5
535,186,11,5
536,187,38,2
537,187,17,5
538,187,29,4
539,187,19,2
540,188,49,3
541,188,2,2
542,188,7,4
543,188,7,1
544,188,28,2
545,189,1,4
546,189,21,1
547,190,34,1
548,190,10,1
549,191,15,1
550,191,39,5
551,191,32,3
552,192,4,4
553,192,39,5
554,192,2,1
555,192,3,3
556,193,21,2
557,193,15,1
558,193,23,5
559,194,2,4
560,194,2,5
561,194,15,2
562,194,50,3
563,195,34,4
564,195,23,4
565,196,5,4
566,196,26,2
567,197,16,3
568,197,26,4
569,198,25,2
570,198,18,5
571,198,27,4
572,199,43,2
573,199,25,2
574,199,7,4
575,200,44,5
576,200,25,4
577,200,47,5
578,201,23,5
579,201,20,3
580,201,33,1
581,201,35,5
582,201,40,3
583,202,32,3
584,203,47,4
585,203,14,1
586,203,5,3
587,203,46,2
588,203,2,3
589,204,1,5
590,205,32,2
591,205,46,4
592,205,50,5
593,206,39,5
594,206,4,1
595,206,33,4
596,206,17,3
597,207,26,1
598,207,45,4
599,207,8,4
600,208,20,5
601,208,12,5
602,209,40,5
603,209,46,4
604,210,37,2
605,210,42,1
606,210,40,1
607,210,34,4
608,211,40,5
609,211,46,4
610,211,9,4
611,212,45,5
612,212,36,4
613,213,11,4
614,213,20,2
615,213,3,2
616,214,8,3
617,214,11,3
618,214,14,4
619,214,19,2
620,215,43,1
621,215,48,1
622,216,7,3
623,216,49,3
624,217,6,1
625,218,18,3
626,219,50,3
627,219,1,2
628,220,13,4
629,221,5,1
630,221,23,5
631,222,5,4
632,222,1,3
633,222,26,2
634,223,37,4
635,223,40,4
636,223,24,1
637,224,15,2
638,224,39,3
639,224,30,1
640,224,34,2
641,224,32,2
642,225,2,5
643,225,23,5
644,225,25,1
645,225,19,3
646,225,39,1
647,226,49,2
648,226,23,1
649,226,42,1
650,227,50,5
651,227,18,4
652,227,35,5
653,227,33,5
654,228,48,2
655,228,31,3
656,228,32,2
657,229,31,1
658,229,33,1
659,229,21,4
660,229,31,4
661,229,44,5
662,230,9,2
663,230,12,1
664,230,16,1
665,231,48,1
666,231,42,4
667,232,27,2
668,232,3,5
669,232,22,1
670,232,43,2
671,232,10,4
672,233,29,2
673,233,30,5
674,234,7,2
675,234,1,5
676,235,7,5
677,235,46,5
678,236,50,3
679,237,16,4
680,237,32,1
681,238,31,2
682,239,27,4
683,240,38,2
684,241,6,3
685,242,11,2
686,243,6,5
687,244,40,1
688,244,1,3
689,245,16,2
690,246,20,2
691,247,34,4
692,248,37,1
693,249,36,5
694,249,31,4
695,249,19,2
696,250,41,1
697,250,38,4
698,250,32,1
699,250,35,5
700,251,14,2
701,251,34,3
702,252,23,5
703,252,47,4
704,252,5,2
705,253,31,2
706,253,2,2
707,253,38,1
708,254,10,1
709,254,11,3
710,254,37,4
711,254,8,2
712,254,20,4
713,255,9,1
714,256,46,5
715,256,22,2
716,257,33,4
717,257,19,4
718,257,20,3
719,257,33,1
720,258,43,3
721,258,33,3
722,258,24,2
723,259,39,5
724,260,14,2
725,260,33,4
726,261,36,5
727,261,28,5
728,262,10,4
729,262,7,3
730,262,20,1
731,263,2,2
732,263,5,4
733,263,42,2
734,263,47,5
735,263,44,3
736,264,4,3
737,264,12,3
738,264,2,1
739,264,17,4
740,264,37,1
741,265,37,5
742,265,9,2
743,265,20,5
744,265,3,1
745,265,22,1
746,266,29,4
747,266,36,2
748,266,49,4
749,266,31,3
750,266,35,4
751,267,44,5
752,267,28,2
753,267,45,3
754,267,10,3
755,267,13,4
756,268,7,4
757,268,26,5
758,268,41,5
759,269,39,3
760,269,40,5
761,269,36,3
762,270,49,3
763,270,12,2
764,270,44,5
765,271,49,3
766,271,22,5
767,271,20,2
768,272,12,4
769,272,50,5
770,272,23,5
771,272,3,1
772,272,32,1
773,273,38,1
774,273,12,2
775,273,16,3
776,273,8,3
777,273,15,1
778,274,41,4
779,274,23,2
780,275,11,2
781,275,39,3
782,275,19,4
783,276,38,5
784,276,34,3
785,277,17,5
786,277,14,4
787,277,1,3
788,278,37,1
789,278,22,4
790,279,8,4
791,280,10,3
792,281,1,5
793,282,29,2
794,282,1,2
795,282,9,1
796,282,45,4
797,282,16,1
798,283,45,1
799,284,38,1
800,284,37,4
801,284,13,2
802,284,10,4
803,284,26,5
804,285,12,1
805,285,49,5
806,285,21,3
807,285,4,5
808,285,49,1
809,286,37,4
810,286,12,2
811,286,31,5
812,286,27,4
813,287,21,1
814,287,37,5
815,287,9,3
816,288,33,5
817,289,24,2
818,290,10,2
819,290,11,1
820,290,44,2
821,291,21,2
822,291,32,1
823,291,9,5
824,291,23,4
825,292,45,4
826,293,18,4
827,294,15,2
828,294,13,2
829,295,21,1
830,295,10,2
831,295,9,2
832,295,4,3
833,296,27,2
834,296,31,1
835,296,49,1
836,296,49,4
837,297,5,2
838,298,34,5
839,298,36,5
840,298,8,5
841,299,16,5
842,299,33,3
843,299,14,3
844,299,9,4
845,300,40,1
846,301,11,5
847,301,22,2
848,302,27,2
849,302,15,3
850,303,30,4
851,304,30,3
852,304,18,5
853,305,13,1
854,305,49,4
855,306,44,5
856,306,21,4
857,306,1,5
858,307,44,1
859,307,30,1
860,307,13,3
861,307,32,2
862,308,41,3
863,308,14,2
864,308,14,2
865,309,22,5
866,309,39,3
867,309,13,3
868,309,21,3
869,310,33,3
870,310,20,4
871,310,42,1
872,311,12,1
873,311,7,2
874,312,15,5
875,312,21,5
876,313,12,1
877,313,49,4
878,313,14,4
879,314,38,5
880,314,22,4
881,314,30,3
882,315,14,1
883,315,38,1
884,315,3,1
885,316,45,4
886,316,16,5
887,316,23,1
888,317,13,3
889,318,37,1
890,319,20,1
891,319,28,1
892,319,34,4
893,320,31,5
894,320,4,1
895,320,9,1
896,321,45,4
897,321,47,3
898,322,34,1
899,322,46,1
900,322,17,3
901,322,9,1
902,322,38,4
903,323,22,3
904,323,29,4
905,323,3,5
906,323,8,1
907,323,3,5
908,324,37,1
909,324,26,3
910,324,18,4
911,325,20,2
912,325,1,5
913,325,32,5
914,325,42,2
915,325,36,3
916,326,28,2
917,327,19,5
918,327,47,2
919,328,18,2
920,329,3,4
921,330,50,3
922,330,4,4
923,330,32,1
924,330,32,2
925,331,46,2
926,332,6,5
927,332,34,1
928,332,19,1
929,333,38,5
930,333,33,1
931,333,36,3
932,334,8,3
933,334,47,5
934,335,36,4
935,335,38,2
936,335,43,1
937,336,13,4
938,336,4,3
939,336,17,3
940,337,30,3
941,337,16,1
942,337,37,3
943,337,2,4
944,338,50,4
945,338,3,4
946,339,49,5
947,340,13,5
948,340,40,3
949,341,5,4
950,341,10,5
951,341,28,2
952,341,15,5
953,341,6,4
954,342,18,3
955,342,14,4
956,342,33,3
957,342,15,2
958,342,33,1
959,343,37,3
960,343,23,1
961,343,38,1
962,343,44,1
963,344,17,1
964,344,13,2
965,344,39,5
966,344,21,2
967,345,24,2
968,345,21,1
969,346,49,3
970,346,47,3
971,346,19,5
972,346,22,3
973,346,2,5
974,347,25,5
975,347,10,3
976,347,12,2
977,348,46,5
978,348,5,4
979,349,7,4
980,350,47,1
981,350,50,2
982,350,34,3
983,350,16,1
984,350,3,3
985,351,22,1
986,351,25,4
987,351,29,5
988,351,40,4
989,351,4,2
990,352,5,1
991,352,20,1
992,352,17,2
993,352,45,4
994,353,7,4
995,354,24,2
996,354,37,3
997,355,14,2
998,356,32,2
999,356,20,2
1000,356,23,5
1001,356,26,5
1002,357,44,4
1003,357,6,4
1004,357,18,4
1005,357,24,4
1006,357,38,2
1007,358,2,4
1008,358,22,3
1009,358,3,1
1010,358,33,3
1011,358,47,3
1012,359,10,1
1013,359,24,4
1014,359,8,2
1015,360,42,4
1016,360,45,3
1017,360,25,2
1018,360,34,4
1019,361,27,4
1020,361,24,3
1021,362,49,1
1022,363,6,2
1023,364,36,2
1024,364,29,4
1025,364,2,4
1026,365,23,5
1027,365,27,3
1028,365,4,4
1029,366,35,2
1030,366,11,1
1031,366,48,1
1032,366,29,3
1033,367,15,3
1034,367,42,1
1035,367,37,3
1036,367,47,2
1037,368,6,5
1038,369,6,2
1039,369,8,4
1040,370,26,5
1041,370,22,4
1042,370,9,4
1043,370,40,3
1044,371,45,5
1045,372,27,3
1046,373,45,5
1047,373,46,5
1048,373,43,2
1049,373,47,2
1050,374,49,1
1051,374,5,2
1052,374,35,4
1053,374,16,4
1054,374,45,2
1055,375,35,4
1056,375,1,4
1057,375,36,5
1058,375,30,2
1059,376,26,5
1060,376,12,2
1061,376,17,2
1062,376,13,5
1063,377,39,2
1064,377,3,1
1065,377,2,3
1066,378,47,2
1067,379,19,1
1068,379,17,3
1069,379,48,2
1070,379,12,1
1071,380,24,4
1072,380,37,5
1073,381,50,5
1074,381,8,1
1075,382,17,1
1076,382,34,3
1077,383,6,4
1078,383,29,5
1079,383,19,1
1080,383,3,5
1081,383,23,5
1082,384,30,4
1083,385,13,1
1084,385,1,2
1085,385,6,2
1086,385,16,2
1087,385,19,5
1088,386,37,4
1089,386,35,2
1090,386,47,3
1091,386,14,1
1092,387,18,5
1093,387,22,2
1094,387,2,4
1095,387,49,4
1096,387,19,4
1097,388,50,2
1098,388,40,3
1099,389,21,5
1100,389,7,3
1101,389,10,4
1102,389,38,4
1103,389,49,4
1104,390,26,5
1105,390,15,5
1106,391,48,2
1107,392,45,2
1108,392,24,1
1109,392,12,3
1110,392,34,3
1111,393,44,5
1112,393,13,5
1113,393,46,1
1114,393,48,5
1115,393,38,4
1116,394,23,3
1117,394,31,2
1118,395,17,3
1119,395,2,3
1120,395,43,2
1121,395,46,5
1122,396,45,3
1123,396,27,1
1124,396,49,3
1125,397,14,2
1126,398,5,5
1127,398,22,5
1128,398,15,2
1129,398,37,4
1130,398,48,1
1131,399,31,5
1132,399,18,3
1133,400,44,2
1134,401,20,2
1135,401,26,3
1136,401,32,3
1137,402,14,5
1138,403,18,4
1139,403,26,3
1140,403,19,1
1141,403,3,4
1142,403,14,1
1143,404,38,1
1144,404,43,4
1145,404,37,1
1146,405,41,2
1147,405,42,2
1148,405,29,1
1149,405,34,3
1150,405,42,3
1151,406,3,4
1152,406,11,2
1153,407,44,2
1154,407,36,2
1155,408,34,5
1156,408,47,4
1157,408,21,3
1158,408,32,5
1159,408,30,2
1160,409,47,2
1161,409,47,3
1162,409,22,3
1163,409,19,4
1164,409,37,3
1165,410,41,4
1166,410,39,5
1167,410,13,1
1168,411,46,2
1169,411,42,4
1170,411,44,5
1171,412,34,2
1172,412,4,2
1173,412,4,4
1174,413,30,2
1175,413,5,2
1176,413,46,4
1177,413,11,4
1178,414,28,5
1179,414,49,1
1180,414,8,3
1181,414,44,3
1182,414,17,5
1183,415,49,5
1184,415,50,3
1185,415,36,4
1186,416,22,4
1187,416,20,2
1188,417,50,5
1189,417,35,4
1190,418,43,2
1191,418,45,3
1192,419,18,3
1193,419,28,4
1194,419,44,1
1195,419,42,3
1196,419,31,5
1197,420,8,3
1198,420,11,2
1199,420,47,1
1200,420,4,1
1201,421,50,4
1202,421,6,5
1203,421,25,4
1204,422,23,2
1205,422,37,2
1206,422,42,5
1207,423,12,1
1208,423,6,1
1209,424,19,2
1210,425,24,5
1211,425,48,5
1212,425,36,2
1213,425,9,1
1214,426,17,1
1215,426,19,4
1216,427,26,5
1217,427,9,2
1218,427,47,3
1219,427,36,3
1220,427,45,1
1221,428,21,5
1222,428,32,5
1223,428,22,3
1224,428,12,2
1225,428,38,1
1226,429,31,2
1227,430,15,5
1228,430,41,3
1229,430,16,2
1230,430,39,5
1231,431,17,3
1232,431,7,2
1233,431,1,4
1234,432,47,4
1235,432,49,2
1236,433,3,3
1237,433,18,3
1238,433,9,5
1239,433,19,2
1240,434,2,1
1241,434,44,2
1242,434,37,1
1243,434,17,2
1244,435,26,1
1245,435,17,2
1246,436,32,4
1247,436,44,1
1248,436,49,3
1249,436,39,2
1250,436,19,1
1251,437,30,5
1252,437,2,4
1253,437,9,3
1254,437,8,1
1255,437,10,5
1256,438,31,5
1257,439,44,4
1258,439,6,5
1259,440,11,1
1260,440,4,1
1261,440,24,4
1262,441,9,1
1263,441,8,3
1264,441,40,2
1265,441,17,3
1266,442,10,4
1267,442,1,1
1268,442,13,5
1269,443,11,2
1270,443,27,5
1271,443,29,5
1272,443,32,2
1273,443,40,1
1274,444,48,1
1275,444,5,4
1276,445,31,4
1277,445,37,1
1278,446,48,5
1279,446,9,1
1280,446,49,5
1281,446,18,5
1282,446,18,4
1283,447,13,1
1284,448,26,2
1285,448,38,1
1286,448,19,2
1287,449,3,3
1288,449,17,2
1289,449,9,1
1290,450,21,1
1291,450,35,5
1292,451,24,5
1293,451,27,4
1294,451,33,2
1295,451,28,2
1296,452,30,5
1297,452,7,4
1298,453,7,4
1299,453,10,1
1300,453,38,5
1301,454,16,2
1302,454,32,1
1303,454,26,3
1304,455,3,3
1305,455,18,3
1306,455,38,2
1307,455,41,1
1308,456,9,5
1309,456,9,2
1310,457,40,5
1311,457,49,2
1312,457,38,4
1313,458,31,1
1314,458,10,1
1315,458,33,5
1316,458,27,1
1317,459,28,1
1318,459,41,3
1319,459,47,2
1320,459,23,4
1321,459,10,3
1322,460,44,5
1323,460,12,2
1324,460,22,4
1325,460,26,3
1326,461,40,4
1327,461,13,2
1328,461,10,2
1329,462,33,1
1330,462,44,4
1331,463,6,3
1332,463,17,2
1333,463,2,2
1334,463,17,2
1335,464,28,4
1336,465,36,4
1337,465,46,4
1338,465,45,3
1339,465,43,2
1340,465,32,4
1341,466,14,2
1342,466,15,1
1343,466,13,5
1344,466,8,3
1345,466,35,1
1346,467,48,5
1347,467,22,4
1348,467,2,4
1349,467,21,5
1350,467,23,4
1351,468,21,5
1352,468,1,1
1353,468,1,2
1354,468,44,1
1355,469,17,1
1356,470,27,4
1357,470,2,3
1358,470,38,5
1359,470,4,2
1360,471,14,5
1361,472,32,2
1362,472,23,4
1363,473,25,1
1364,473,48,2
1365,474,37,2
1366,474,22,4
1367,474,37,5
1368,474,20,2
1369,475,9,3
1370,475,39,1
1371,475,20,1
1372,476,44,1
1373,476,43,3
1374,477,42,5
1375,478,17,1
1376,478,40,3
1377,478,25,5
1378,478,36,4
1379,479,8,5
1380,479,39,3
1381,479,49,3
1382,480,38,4
1383,480,17,4
1384,480,3,5
1385,480,13,4
1386,480,37,5
1387,481,12,2
1388,481,3,2
1389,482,7,2
1390,482,28,2
1391,483,18,5
1392,483,46,3
1393,483,23,4
1394,483,10,4
1395,483,42,3
1396,484,31,3
1397,484,50,5
1398,485,31,1
1399,485,18,2
1400,485,46,5
1401,486,19,5
1402,486,21,4
1403,486,7,1
1404,486,47,3
1405,487,19,2
1406,487,38,2
1407,487,8,3
1408,488,23,3
1409,488,45,4
1410,488,8,1
1411,489,2,2
1412,489,17,3
1413,489,26,5
1414,489,24,1
1415,490,41,4
1416,490,3,5
1417,490,19,3
1418,491,48,2
1419,491,23,1
1420,491,12,4
1421,492,6,3
1422,492,19,3
1423,492,22,5
1424,493,19,4
1425,493,44,4
1426,493,21,2
1427,493,31,4
1428,494,13,3
1429,495,39,5
1430,495,46,1
1431,495,22,1
1432,496,44,5
1433,496,43,1
1434,496,19,5
1435,496,27,4
1436,496,48,2
1437,497,23,3
1438,497,47,3
1439,497,29,4
1440,497,6,5
1441,498,23,4
1442,499,50,5
1443,499,31,1
1444,499,24,1
1445,499,29,4
1446,499,21,2
1447,500,27,3
1448,500,24,1
1449,500,24,4
1450,501,45,1
1451,501,35,2
1452,501,6,3
1453,501,7,4
1454,502,32,2
1455,503,24,5
1456,503,42,4
1457,504,19,4
1458,505,19,3
1459,505,10,4
1460,505,46,2
1461,505,5,3
1462,506,8,1
1463,507,42,5
1464,507,6,4
1465,507,12,1
1466,507,26,1
1467,507,39,1
1468,508,38,2
1469,508,13,3
1470,509,6,1
1471,509,36,3
1472,509,19,3
1473,509,1,3
1474,509,12,3
1475,510,13,1
1476,510,16,4
1477,511,5,2
1478,511,18,1
1479,512,38,4
1480,512,8,3
1481,513,9,5
1482,513,8,4
1483,513,30,2
1484,513,12,1
1485,514,24,3
1486,514,48,1
1487,514,17,4
1488,514,26,3
1489,514,23,4
1490,515,25,1
1491,515,50,5
1492,516,16,1
1493,516,1,2
1494,516,37,1
1495,516,15,2
1496,517,45,4
1497,517,46,5
1498,517,35,5
1499,518,33,5
1500,518,36,3
1501,518,29,2
1502,518,44,5
1503,518,32,3
1504,519,49,4
1505,519,50,2
1506,519,18,4
1507,519,34,3
1508,520,26,2
1509,520,42,5
1510,520,24,3
1511,521,16,4
1512,521,11,1
1513,521,18,4
1514,522,49,1
1515,522,11,3
1516,523,35,2
1517,524,24,1
1518,524,25,5
1519,524,23,2
1520,525,22,4
1521,525,37,4
1522,525,15,2
1523,526,12,2
1524,526,5,4
1525,526,48,1
1526,527,16,4
1527,527,31,3
1528,527,14,3
1529,527,33,1
1530,527,12,1
1531,528,45,5
1532,528,29,4
1533,528,40,5
1534,528,18,3
1535,528,31,2
1536,529,48,1
1537,529,32,1
1538,529,17,2
1539,529,1,5
1540,529,30,5
1541,530,6,3
1542,530,31,1
1543,530,33,1
1544,531,28,3
1545,531,29,5
1546,531,36,5
1547,531,15,3
1548,532,46,3
1549,532,37,5
1550,532,37,3
1551,532,7,1
1552,533,26,4
1553,533,24,2
1554,533,43,3
1555,534,48,4
1556,535,30,1
1557,535,25,3
1558,535,42,2
1559,536,31,5
1560,536,3,3
1561,536,18,1
1562,536,17,4
1563,536,46,1
1564,537,12,5
1565,537,15,1
1566,537,22,1
1567,537,33,3
1568,538,31,3
1569,538,25,5
1570,538,33,2
1571,538,21,4
1572,538,43,2
1573,539,5,5
1574,539,50,2
1575,539,45,5
1576,540,21,1
1577,540,40,2
1578,540,18,2
1579,540,20,5
1580,541,43,3
1581,542,4,5
1582,542,6,3
1583,542,40,1
1584,542,31,3
1585,542,4,3
1586,543,18,4
1587,543,38,2
1588,543,26,3
1589,544,42,2
1590,545,26,4
1591,545,29,2
1592,545,25,1
1593,545,6,2
1594,545,1,2
1595,546,35,2
1596,546,40,4
1597,546,26,4
1598,546,16,4
1599,546,22,1
1600,547,25,2
1601,547,50,4
1602,547,26,4
1603,548,7,1
1604,549,22,3
1605,550,12,5
1606,550,31,2
1607,550,44,2
1608,550,8,1
1609,550,29,4
1610,551,36,1
1611,551,9,2
1612,551,47,4
1613,551,49,4
1614,551,36,5
1615,552,44,2
1616,553,49,2
1617,554,11,4
1618,554,38,5
1619,554,21,3
1620,555,14,3
1621,555,37,1
1622,556,1,5
1623,557,5,3
1624,557,20,1
1625,558,4,1
1626,559,20,4
1627,560,28,2
1628,560,5,4
1629,560,12,1
1630,560,11,2
1631,560,17,1
1632,561,5,3
1633,561,14,1
1634,561,5,3
1635,561,26,3
1636,562,23,5
1637,562,45,3
1638,563,16,1
1639,564,22,2
1640,564,28,4
1641,564,20,4
1642,564,38,4
1643,564,18,2
1644,565,32,3
1645,565,24,4
1646,565,50,5
1647,565,1,5
1648,566,6,2
1649,566,32,5
1650,567,34,4
1651,567,35,4
1652,567,43,5
1653,568,20,3
1654,569,12,4
1655,569,19,4
1656,569,31,1
1657,569,43,5
1658,569,22,3
1659,570,38,3
1660,570,49,4
1661,570,29,4
1662,570,19,2
1663,571,26,1
1664,571,8,5
1665,571,49,4
1666,571,44,4
1667,572,36,2
1668,572,9,3
1669,572,41,3
1670,572,14,2
1671,573,49,1
1672,573,8,4
1673,573,31,5
1674,573,2,2
1675,574,1,3
1676,574,41,4
1677,574,3,5
1678,574,12,2
1679,574,16,4
1680,575,29,3
1681,575,42,3
1682,575,26,1
1683,576,43,3
1684,576,49,1
1685,576,33,4
1686,577,18,1
1687,577,31,3
1688,577,10,5
1689,577,23,2
1690,578,30,3
1691,578,32,1
1692,578,41,3
1693,578,13,3
1694,578,29,2
1695,579,6,2
1696,579,33,2
1697,579,28,2
1698,579,17,2
1699,580,48,3
1700,580,20,1
1701,581,35,1
1702,581,17,1
1703,582,45,1
1704,583,3,3
1705,583,34,5
1706,583,49,2
1707,583,15,3
1708,584,42,2
1709,584,3,2
1710,584,23,1
1711,585,45,4
1712,585,27,1
1713,585,47,3
1714,585,16,4
1715,586,17,5
1716,587,26,1
1717,587,33,4
1718,587,30,5
1719,588,31,4
1720,588,39,1
1721,588,28,2
1722,588,45,4
1723,589,38,5
1724,589,10,1
1725,589,44,3
1726,590,37,1
1727,591,27,3
1728,592,49,5
1729,592,15,1
1730,592,45,4
1731,593,13,3
1732,594,30,1
1733,594,6,3
1734,594,49,2
1735,594,43,1
1736,595,1,2
1737,596,11,5
1738,596,32,4
1739,596,28,2
1740,596,50,5
1741,596,9,4
1742,597,20,1
1743,598,34,2
1744,598,21,3
1745,598,44,2
1746,598,34,3
1747,598,34,1
1748,599,50,3
1749,599,13,5
1750,599,37,3
1751,600,43,3
1752,600,30,1
1753,600,28,1
1754,601,5,5
1755,601,36,2
1756,601,9,4
1757,601,13,4
1758,601,5,5
1759,602,5,2
1760,603,10,4
1761,603,34,5
1762,604,45,3
1763,605,43,5
1764,605,16,5
1765,605,43,2
1766,605,43,2
1767,606,13,5
1768,606,46,4
1769,606,16,4
1770,607,39,3
1771,607,50,4
1772,608,5,2
1773,608,28,3
1774,608,16,3
1775,608,7,1
1776,608,1,1
1777,609,4,4
1778,609,3,5
1779,609,20,5
1780,610,43,4
1781,610,24,2
1782,610,18,2
1783,610,15,4
1784,611,28,2
1785,612,41,3
1786,612,2,5
1787,613,31,2
1788,614,31,4
1789,614,38,2
1790,614,35,3
1791,615,14,4
1792,615,9,4
1793,616,45,3
1794,616,5,4
1795,616,41,4
1796,616,6,5
1797,617,11,4
1798,617,37,5
1799,617,36,4
1800,618,44,3
1801,618,11,2
1802,618,21,1
1803,618,16,1
1804,619,33,4
1805,619,32,2
1806,620,37,4
1807,620,5,3
1808,620,25,3
1809,620,32,4
1810,621,11,4
1811,621,34,1
1812,621,12,1
1813,621,49,2
1814,622,2,1
1815,623,15,1
1816,623,33,2
1817,623,20,2
1818,623,13,2
1819,623,4,1
1820,624,9,3
1821,625,20,4
1822,625,21,2
1823,625,30,5
1824,626,25,3
1825,627,6,4
1826,627,5,2
1827,627,19,1
1828,628,32,2
1829,628,3,3
1830,628,40,1
1831,629,15,5
1832,629,25,5
1833,630,42,5
1834,630,46,4
1835,630,37,4
1836,630,2,2
1837,630,18,1
1838,631,9,2
1839,631,25,3
1840,631,39,1
1841,631,4,3
1842,631,24,2
1843,632,33,2
1844,633,35,3
1845,633,25,3
1846,633,29,1
1847,634,24,4
1848,634,49,1
1849,634,28,3
1850,634,19,2
1851,635,12,2
1852,635,27,4
1853,635,48,2
1854,635,24,3
1855,635,37,3
1856,636,16,5
1857,636,21,4
1858,637,5,3
1859,638,21,3
1860,638,27,3
1861,639,7,2
1862,639,12,5
1863,639,29,1
1864,640,21,4
1865,640,48,3
1866,640,35,5
1867,640,38,2
1868,641,24,3
1869,641,17,2
1870,642,47,1
1871,643,34,2
1872,644,40,2
1873,644,28,1
1874,644,28,1
1875,644,47,4
1876,645,23,2
1877,646,3,3
1878,647,27,2
1879,647,33,5
1880,647,47,1
1881,647,6,3
1882,648,18,4
1883,648,12,3
1884,649,2,1
1885,649,21,5
1886,649,14,5
1887,650,26,3
1888,650,3,3
1889,650,6,1
1890,651,4,4
1891,651,32,4
1892,651,7,2
1893,651,6,5
1894,652,18,2
1895,652,5,3
1896,652,30,2
1897,653,40,2
1898,653,35,1
1899,653,13,3
1900,653,23,5
1901,653,46,3
1902,654,35,4
1903,654,11,1
1904,654,41,4
1905,654,1,5
1906,654,41,3
1907,655,27,1
1908,656,9,2
1909,656,46,5
1910,656,41,3
1911,656,12,5
1912,657,11,2
1913,658,31,2
1914,659,9,5
1915,659,44,1
1916,660,42,2
1917,660,44,1
1918,660,27,4
1919,660,47,4
1920,661,33,1
1921,661,44,2
1922,662,19,4
1923,663,13,3
1924,664,2,4
1925,664,49,1
1926,665,20,4
1927,666,17,1
1928,666,35,3
1929,666,50,4
1930,666,37,4
1931,666,48,1
1932,667,33,4
1933,667,49,5
1934,667,37,3
1935,667,28,5
1936,667,35,1
1937,668,46,5
1938,668,39,4
1939,669,48,4
1940,669,6,5
1941,669,43,4
1942,669,8,1
1943,669,2,3
1944,670,14,4
1945,670,35,3
1946,670,45,4
1947,670,22,5
1948,670,9,3
1949,671,34,4
1950,671,18,4
1951,671,48,4
1952,672,28,5
1953,672,22,5
1954,672,31,2
1955,672,46,1
1956,672,29,4
1957,673,7,5
1958,673,22,5
1959,673,5,2
1960,673,3,4
1961,674,7,5
1962,674,46,3
1963,674,23,3
1964,675,45,3
1965,676,28,4
1966,677,8,5
1967,677,8,3
1968,677,3,1
1969,677,15,3
1970,677,41,3
1971,678,46,5
1972,678,49,1
1973,678,11,3
1974,678,18,3
1975,678,43,1
1976,679,7,4
1977,680,32,4
1978,680,10,2
1979,681,26,5
1980,681,44,2
1981,681,3,3
1982,681,31,3
1983,682,3,1
1984,682,15,4
1985,682,49,3
1986,682,42,3
1987,682,25,5
1988,683,34,4
1989,683,4,5
1990,684,32,3
1991,684,16,3
1992,684,33,5
1993,684,26,3
1994,684,25,5
1995,685,16,1
1996,685,45,2
1997,685,24,1
1998,686,14,1
1999,687,22,3
2000,687,37,2
2001,688,6,2
2002,688,19,5
2003,688,32,1
2004,689,22,1
2005,690,3,4
2006,691,16,3
2007,691,44,2
2008,691,50,3
2009,692,50,4
2010,692,16,2
2011,692,30,1
2012,693,49,2
2013,693,11,1
2014,693,50,3
2015,693,9,3
2016,694,43,1
2017,694,18,5
2018,695,50,2
2019,695,22,3
2020,695,7,2
2021,695,11,5
2022,696,20,3
2023,696,40,2
2024,697,50,4
2025,697,11,4
2026,698,13,2
2027,698,43,1
2028,698,16,3
2029,699,36,5
2030,699,6,4
2031,699,28,2
2032,699,18,2
2033,700,5,3
2034,701,33,5
2035,701,23,3
2036,701,19,4
2037,702,39,1
2038,702,34,2
2039,702,2,4
2040,702,7,3
2041,702,12,1
2042,703,24,1
2043,703,7,2
2044,704,47,1
2045,704,22,3
2046,704,44,3
2047,704,5,2
2048,705,50,1
2049,705,14,2
2050,705,21,5
2051,705,39,3
2052,706,2,3
2053,707,2,3
2054,707,36,2
2055,707,33,2
2056,707,48,3
2057,707,10,1
2058,708,5,2
2059,708,5,5
2060,708,38,3
2061,708,4,2
2062,709,48,4
2063,709,32,2
2064,710,45,5
2065,710,18,2
2066,710,7,5
2067,710,12,1
2068,710,49,1
2069,711,24,5
2070,712,18,2
2071,712,17,2
2072,712,4,4
2073,713,6,2
2074,713,21,3
2075,713,15,5
2076,714,20,5
2077,714,33,4
2078,714,38,5
2079,714,49,5
2080,715,30,2
2081,715,22,4
2082,715,41,1
2083,715,20,5
2084,715,29,1
2085,716,4,5
2086,716,19,3
2087,717,10,4
2088,717,26,2
2089,718,9,4
2090,718,6,3
2091,718,6,5
2092,719,17,4
2093,719,43,1
2094,719,17,2
2095,719,21,2
2096,720,33,5
2097,720,32,5
2098,720,6,5
2099,721,47,5
2100,722,48,1
2101,722,38,3
2102,722,13,1
2103,722,6,4
2104,723,12,5
2105,723,17,5
2106,723,12,4
2107,724,11,1
2108,724,41,3
2109,725,30,3
2110,726,30,2
2111,727,6,4
2112,728,39,3
2113,728,36,1
2114,728,40,2
2115,729,37,2
2116,729,8,2
2117,729,39,2
2118,729,50,5
2119,730,29,4
2120,730,12,4
2121,731,33,1
2122,731,36,4
2123,731,38,3
2124,731,49,1
2125,731,32,1
2126,732,40,5
2127,732,6,4
2128,732,45,1
2129,732,47,5
2130,733,2,4
2131,733,31,5
2132,733,29,4
2133,733,22,4
2134,733,43,2
2135,734,32,1
2136,735,32,1
2137,736,20,2
2138,737,38,2
2139,737,11,2
2140,737,25,1
2141,738,49,3
2142,738,26,5
2143,738,50,5
2144,738,1,3
2145,739,11,3
2146,739,47,4
2147,740,11,3
2148,740,43,1
2149,740,28,3
2150,740,36,4
2151,741,14,5
2152,741,42,2
2153,741,24,5
2154,741,30,1
2155,741,21,3
2156,742,31,5
2157,742,6,1
2158,742,18,1
2159,743,35,4
2160,743,20,1
2161,743,19,5
2162,744,50,1
2163,744,37,4
2164,744,4,4
2165,744,4,2
2166,744,13,1
2167,745,8,5
2168,745,47,3
2169,746,2,1
2170,747,37,2
2171,747,31,1
2172,747,7,5
2173,748,26,2
2174,749,38,1
2175,749,35,4
2176,750,34,1
2177,750,9,1
2178,751,48,4
2179,752,14,4
2180,752,15,1
2181,753,6,1
2182,753,28,2
2183,754,14,4
2184,754,25,1
2185,754,3,3
2186,754,39,2
2187,754,35,2
2188,755,41,1
2189,755,42,5
2190,755,19,5
2191,755,17,2
2192,756,23,4
2193,756,21,5
2194,757,48,2
2195,757,7,4
2196,758,18,1
2197,758,43,3
2198,758,15,2
2199,759,49,3
2200,759,5,1
2201,760,37,1
2202,760,44,5
2203,760,35,5
2204,760,16,4
2205,761,17,3
2206,761,13,4
2207,761,43,1
2208,762,29,3
2209,762,34,4
2210,762,1,3
2211,762,44,3
2212,762,48,1
2213,763,26,2
2214,763,11,2
2215,763,17,4
2216,763,42,5
2217,764,18,2
2218,765,34,5
2219,765,35,1
2220,765,10,3
2221,765,13,3
2222,765,48,3
2223,766,10,5
2224,767,47,1
2225,767,5,2
2226,768,38,4
2227,769,5,4
2228,769,17,4
2229,769,32,5
2230,769,12,4
2231,769,24,1
2232,770,25,3
2233,770,36,2
2234,770,35,2
2235,771,28,5
2236,771,30,5
2237,771,49,3
2238,771,33,1
2239,771,48,1
2240,772,33,2
2241,772,1,3
2242,772,23,5
2243,772,47,2
2244,772,22,2
2245,773,2,5
2246,774,13,5
2247,774,43,2
2248,774,25,5
2249,775,25,3
2250,775,41,1
2251,775,48,2
2252,775,32,1
2253,775,48,2
2254,776,10,3
2255,776,17,4
2256,777,6,1
2257,777,47,1
2258,778,9,4
2259,778,2,5
2260,779,3,1
2261,779,23,5
2262,780,44,5
2263,780,32,1
2264,780,21,2
2265,780,36,2
2266,781,4,4
2267,781,19,2
2268,781,21,5
2269,781,15,1
2270,782,12,4
2271,782,46,1
2272,782,38,1
2273,782,20,3
2274,782,18,3
2275,783,12,2
2276,783,48,1
2277,783,8,2
2278,783,37,1
2279,783,1,5
2280,784,7,5
2281,784,16,4
2282,784,30,2
2283,784,31,1
2284,784,48,5
2285,785,12,1
2286,785,42,1
2287,786,4,4
2288,787,28,1
2289,787,20,3
2290,787,26,2
2291,788,16,5
2292,788,5,3
2293,788,40,4
2294,789,40,3
2295,789,49,2
2296,789,45,3
2297,789,25,2
2298,789,41,1
2299,790,50,3
2300,790,26,4
2301,790,25,1
2302,790,20,2
2303,791,9,1
2304,792,24,1
2305,792,45,5
2306,792,44,2
2307,793,28,3
2308,793,48,1
2309,794,49,1
2310,794,48,4
2311,794,36,1
2312,794,26,5
2313,794,7,5
2314,795,44,4
2315,795,32,1
2316,795,28,1
2317,796,17,4
2318,796,20,2
2319,797,12,5
2320,798,23,5
2321,798,46,4
2322,798,31,5
2323,798,7,3
2324,798,39,1
2325,799,5,5
2326,799,46,5
2327,799,26,1
2328,799,3,2
2329,800,38,3
2330,800,11,3
2331,800,20,3
2332,800,35,4
2333,801,29,1
2334,801,48,2
2335,801,48,4
2336,801,6,3
2337,802,29,3
2338,803,25,1
2339,803,36,1
2340,803,39,5
2341,803,20,2
2342,803,30,3
2343,804,46,5
2344,804,15,2
2345,804,2,5
2346,804,8,1
2347,805,47,5
2348,805,10,3
2349,805,28,5
2350,805,5,4
2351,805,49,4
2352,806,38,3
2353,806,9,4
2354,806,12,2
2355,806,29,3
2356,806,3,1
2357,807,32,5
2358,808,1,5
2359,808,4,2
2360,808,5,4
2361,808,41,5
2362,809,44,2
2363,810,15,3
2364,810,33,3
2365,810,31,5
2366,810,28,3
2367,811,27,2
2368,811,12,1
2369,811,21,1
2370,811,28,1
2371,811,48,4
2372,812,50,5
2373,813,7,5
2374,813,7,5
2375,814,40,4
2376,814,45,1
2377,814,5,1
2378,814,45,4
2379,814,36,3
2380,815,22,5
2381,815,2,1
2382,816,20,1
2383,816,25,5
2384,816,18,1
2385,816,39,5
2386,817,39,3
2387,818,1,1
2388,819,41,4
2389,819,4,2
2390,820,35,2
2391,821,45,1
2392,821,24,3
2393,821,39,5
2394,821,2,2
2395,822,29,3
2396,822,27,3
2397,823,33,5
2398,824,48,3
2399,824,19,3
2400,824,20,5
2401,824,7,3
2402,824,33,3
2403,825,44,1
2404,825,31,4
2405,826,38,5
2406,826,25,5
2407,826,17,1
2408,827,10,2
2409,827,8,1
2410,828,5,3
2411,828,4,2
2412,828,28,3
2413,828,35,3
2414,828,31,5
2415,829,15,3
2416,829,25,5
2417,829,45,2
2418,830,13,5
2419,830,32,5
2420,830,14,4
2421,830,10,2
2422,831,8,1
2423,831,9,3
2424,831,21,1
2425,831,18,5
2426,832,29,4
2427,832,9,3
2428,832,46,5
2429,832,40,2
2430,832,34,1
2431,833,23,3
2432,833,42,3
2433,833,12,3
2434,833,8,4
2435,833,32,4
2436,834,13,4
2437,835,39,5
2438,835,27,1
2439,835,27,5
2440,835,18,1
2441,835,18,2
2442,836,40,5
2443,836,36,2
2444,836,13,3
2445,837,10,2
2446,837,34,5
2447,837,4,1
2448,838,39,2
2449,838,50,5
2450,838,50,5
2451,838,44,5
2452,838,48,5
2453,839,22,4
2454,839,43,3
2455,839,18,5
2456,840,50,3
2457,840,18,4
2458,840,40,5
2459,841,34,1
2460,841,45,4
2461,841,38,5
2462,842,25,3
2463,843,20,4
2464,844,46,1
2465,845,27,4
2466,845,23,1
2467,845,9,1
2468,845,39,5
2469,846,37,2
2470,846,41,1
2471,846,21,1
2472,847,17,2
2473,847,47,1
2474,847,48,2
2475,848,29,5
2476,848,14,5
2477,849,33,2
2478,849,25,2
2479,850,39,3
2480,850,45,4
2481,850,2,4
2482,850,2,4
2483,851,23,2
2484,851,15,5
2485,851,9,5
2486,852,31,5
2487,853,9,1
2488,853,12,4
2489,853,16,4
2490,853,27,5
2491,854,26,2
2492,854,22,3
2493,854,35,1
2494,855,29,1
2495,855,49,2
2496,855,25,2
2497,856,9,3
2498,857,16,2
2499,858,10,3
2500,859,36,4
2501,859,46,5
2502,859,25,2
2503,859,35,5
2504,859,22,2
2505,860,14,2
2506,860,30,2
2507,860,11,5
2508,861,43,1
2509,861,29,3
2510,861,22,5
2511,862,11,4
2512,862,49,4
2513,862,3,2
2514,862,29,3
2515,863,20,4
2516,864,13,1
2517,864,19,4
2518,864,37,5
2519,864,9,1
2520,864,11,3
2521,865,12,3
2522,865,21,3
2523,866,15,3
2524,866,8,4
2525,866,26,3
2526,867,30,5
2527,867,11,5
2528,868,39,2
2529,869,11,5
2530,869,36,2
2531,869,22,3
2532,870,9,1
2533,870,9,3
2534,870,45,5
2535,870,21,1
2536,870,46,1
2537,871,16,5
2538,871,40,4
2539,871,25,3
2540,872,34,3
2541,872,27,4
2542,872,30,4
2543,872,43,4
2544,872,13,2
2545,873,29,3
2546,874,26,2
2547,874,5,3
2548,874,20,5
2549,874,40,3
2550,874,13,5
2551,875,6,2
2552,875,18,2
2553,875,23,4
2554,876,8,1
2555,876,8,5
2556,876,17,4
2557,877,12,3
2558,877,25,3
2559,877,8,2
2560,877,12,4
2561,877,33,5
2562,878,11,4
2563,878,30,2
2564,878,4,2
2565,879,42,1
2566,879,47,1
2567,880,34,5
2568,880,40,3
2569,880,27,3
2570,881,10,1
2571,881,5,1
2572,881,33,5
2573,881,6,4
2574,882,47,4
2575,882,21,3
2576,883,45,4
2577,883,35,5
2578,883,48,2
2579,883,40,2
2580,883,49,2
2581,884,4,1
2582,884,6,5
2583,884,20,5
2584,884,48,4
2585,885,50,5
2586,885,8,4
2587,885,12,5
2588,885,17,4
2589,885,18,1
2590,886,16,1
2591,886,33,1
2592,887,6,2
2593,888,48,1
2594,888,4,2
2595,889,22,5
2596,889,50,1
2597,889,17,4
2598,890,9,3
2599,890,43,3
2600,890,12,1
2601,890,17,1
2602,891,1,5
2603,891,22,4
2604,891,33,4
2605,891,37,2
2606,892,38,2
2607,892,17,2
2608,892,18,4
2609,892,21,4
2610,893,34,5
2611,893,29,4
2612,894,27,5
2613,894,46,2
2614,894,37,4
2615,894,38,1
2616,895,5,4
2617,895,42,3
2618,895,32,3
2619,895,49,1
2620,896,11,4
2621,896,20,2
2622,896,5,3
2623,896,24,1
2624,897,9,1
2625,897,3,4
2626,897,24,2
2627,898,7,2
2628,898,37,2
2629,899,17,1
2630,899,16,4
2631,899,35,3
2632,899,13,1
2633,899,3,5
2634,900,29,3
2635,900,30,3
2636,900,39,4
2637,900,15,4
2638,900,47,5
2639,901,38,5
2640,901,13,1
2641,901,11,2
2642,901,11,3
2643,902,29,3
2644,903,5,3
2645,903,48,5
2646,904,29,2
2647,904,49,2
2648,904,1,5
2649,904,29,5
2650,905,42,4
2651,906,12,5
2652,906,48,2
2653,907,19,3
2654,907,8,3
2655,907,23,5
2656,907,29,4
2657,907,31,4
2658,908,47,2
2659,909,25,3
2660,909,5,1
2661,909,12,5
2662,910,39,2
2663,910,43,5
2664,910,27,5
2665,910,42,4
2666,910,38,2
2667,911,50,1
2668,912,32,5
2669,912,19,2
2670,912,47,2
2671,912,29,2
2672,913,31,3
2673,913,43,1
2674,913,37,1
2675,913,34,1
2676,913,45,3
2677,914,36,3
2678,914,17,5
2679,914,17,2
2680,914,33,3
2681,914,28,2
2682,915,35,2
2683,915,40,2
2684,916,34,3
2685,916,11,5
2686,916,14,1
2687,916,1,1
2688,917,24,1
2689,917,34,3
2690,917,32,4
2691,917,49,5
2692,918,26,1
2693,918,5,4
2694,919,3,5
2695,919,21,5
2696,919,18,2
2697,920,28,2
2698,920,33,2
2699,921,3,3
2700,921,46,3
2701,921,26,1
2702,922,15,4
2703,922,5,2
2704,922,46,1
2705,922,31,4
2706,922,14,3
2707,923,31,5
2708,924,39,3
2709,924,4,2
2710,925,36,1
2711,925,21,1
2712,926,6,3
2713,926,3,4
2714,926,39,3
2715,926,17,2
2716,926,37,5
2717,927,41,1
2718,928,34,3
2719,929,26,2
2720,929,50,1
2721,929,38,4
2722,929,37,5
2723,929,39,5
2724,930,39,4
2725,931,20,5
2726,931,36,5
2727,931,42,5
2728,932,8,2
2729,932,41,5
2730,932,14,3
2731,932,44,5
2732,932,38,3
2733,933,13,1
2734,933,20,4
2735,934,42,2
2736,934,14,4
2737,935,25,5
2738,935,41,3
2739,935,31,3
2740,936,31,3
2741,936,31,5
2742,937,20,2
2743,937,48,1
2744,937,29,5
2745,937,4,3
2746,938,35,4
2747,938,4,4
2748,938,38,1
2749,938,26,1
2750,938,45,5
2751,939,17,3
2752,939,9,1
2753,940,1,2
2754,941,29,1
2755,941,31,5
2756,942,35,1
2757,942,10,1
2758,942,16,1
2759,943,36,4
2760,943,12,5
2761,943,21,3
2762,944,20,2
2763,944,35,5
2764,944,17,4
2765,944,46,2
2766,944,8,3
2767,945,2,1
2768,946,26,5
2769,946,37,2
2770,946,49,4
2771,946,41,1
2772,946,40,2
2773,947,13,2
2774,947,23,4
2775,948,10,2
2776,949,38,5
2777,949,13,1
2778,950,19,1
2779,950,7,1
2780,950,9,1
2781,950,14,5
2782,951,45,3
2783,951,35,1
2784,951,37,2
2785,952,3,3
2786,952,2,2
2787,952,34,4
2788,953,40,5
2789,953,6,5
2790,953,6,1
2791,953,17,4
2792,953,28,1
2793,954,17,5
2794,954,25,2
2795,954,28,3
2796,955,45,4
2797,956,50,3
2798,956,41,3
2799,957,39,5
2800,957,36,5
2801,958,11,2
2802,958,49,5
2803,958,44,4
2804,958,49,1
2805,959,31,2
2806,959,40,4
2807,959,44,5
2808,959,3,4
2809,960,21,4
2810,960,48,1
2811,961,18,3
2812,962,38,4
2813,962,41,3
2814,963,40,1
2815,963,46,1
2816,963,32,1
2817,963,2,2
2818,963,48,2
2819,964,6,2
2820,964,38,4
2821,964,49,2
2822,964,11,2
2823,964,42,3
2824,965,47,1
2825,965,38,4
2826,965,44,1
2827,965,27,5
2828,966,15,4
2829,966,38,4
2830,966,49,5
2831,967,1,1
2832,967,11,3
2833,967,40,3
2834,967,13,5
2835,967,48,2
2836,968,39,4
2837,968,12,3
2838,968,44,1
2839,969,41,4
2840,969,19,4
2841,969,26,1
2842,970,1,1
2843,970,7,1
2844,970,25,4
2845,970,15,3
2846,971,33,4
2847,971,17,2
2848,971,43,5
2849,971,36,3
2850,971,39,2
2851,972,13,1
2852,972,46,1
2853,972,12,5
2854,972,7,3
2855,972,4,3
2856,973,25,4
2857,974,15,1
2858,974,14,2
2859,974,6,5
2860,974,11,1
2861,974,39,2
2862,975,44,3
2863,975,29,1
2864,975,49,4
2865,975,49,1
2866,976,18,2
2867,976,34,2
2868,976,47,1
2869,976,12,2
2870,976,46,3
2871,977,15,2
2872,977,18,3
2873,978,7,4
2874,978,49,5
2875,978,45,5
2876,979,48,1
2877,979,29,5
2878,979,26,1
2879,979,21,4
2880,979,46,1
2881,980,39,5
2882,981,35,4
2883,982,35,3
2884,982,5,2
2885,983,32,3
2886,983,5,5
2887,984,3,1
2888,985,49,1
2889,985,4,3
2890,986,8,2
2891,987,35,4
2892,987,3,5
2893,988,33,1
2894,988,26,2
2895,989,21,5
2896,989,24,2
2897,990,8,5
2898,990,34,3
2899,991,49,5
2900,992,13,3
2901,992,24,1
2902,992,37,5
2903,992,28,3
2904,993,38,2
2905,993,47,1
2906,993,50,5
2907,994,12,5
2908,994,32,1
2909,994,10,4
2910,995,18,5
2911,996,35,3
2912,997,8,1
2913,998,43,5
2914,998,9,2
2915,998,19,2
2916,998,5,2
2917,999,9,4
2918,999,5,1
2919,999,47,4
2920,999,35,5
2921,999,32,5
2922,1000,17,3
2923,1000,50,1
2924,1000,19,5
